Trelast og Byggevarer,Trelast ,,Konstruksjonsvirke,502100,502110,502230,502230,,,,,,,,,,,,,,,,,"0502100,0502110,0502230,0502230"
Trelast og Byggevarer,Trelast ,,Konstruksjonsvirke Impregnert,502150,502170,502195,502250,,,,,,,,,,,,,,,,,"0502150,0502170,0502195,0502250"
Trelast og Byggevarer,Trelast ,,Rekker og Lekter,502300,502350,502395,502600,,,,,,,,,,,,,,,,,"0502300,0502350,0502395,0502600"
Trelast og Byggevarer,Trelast ,,Limtre,509200,509210,509220,509250,509270,509290,509295,509700,509750,,,,,,,,,,,,"0509200,0509210,0509220,0509250,0509270,509290,509295,509700,509750"
Trelast og Byggevarer,Trelast ,,Terrassebord,506550,506610,506680,506685,506695,,,,,,,,,,,,,,,,"0506550,0506610,0506680,0506685,0506695"
Trelast og Byggevarer,Trelast ,,Altanrekke og Vannbrett,506300,506350,506395,506695,506795,,,,,,,,,,,,,,,,"0506300,0506350,0506395,0506695,0506795"
Trelast og Byggevarer,Trelast ,,Kledning,504100,504110,504150,504170,504180,504185,504190,504195,504200,504210,504300,504310,504350,504370,504380,504385,504390,504395,504400,504410,"0504100,0504110,0504150,0504170,0504180,0504185,0504190,0504195,0504200,0504210,0504300,0504310,0504350,0504370,0504380,0504385,0504390,0504395,0504400,0504410"
Trelast og Byggevarer,Trelast ,,Innvendig Panel,505100,505200,505280,505290,505300,505400,505490,505500,505590,505600,,,,,,,,,,,"0505100,0505200,0505280,0505290,0505300,0505400,0505490,0505500,0505590,0505600"
Trelast og Byggevarer,Trelast ,,Underpanel,506100,,,,,,,,,,,,,,,,,,,,506100
Trelast og Byggevarer,Trelast ,,"Stolper, Søyler og Rekkverk",508100,508110,508150,508170,508195,508200,508300,508310,508400,508410,508450,508470,508495,508600,508610,508650,508670,,,,"0508100,0508110,0508150,0508170,0508195,0508200,0508300,0508310,0508400,0508410,0508450,0508470,0508495,0508600,0508610,0508650,0508670"
Trelast og Byggevarer,Listverk ,,Gulvlister,510100,511100,512100,513100,,,,,,,,,,,,,,,,,"0510100,0511100,0512100,0513100"
Trelast og Byggevarer,Listverk ,,Taklister,510200,511200,512200,513200,,,,,,,,,,,,,,,,,"0510200,0511200,0512200,0513200"
Trelast og Byggevarer,Listverk ,,Karmlist,510150,511150,512150,513150,,,,,,,,,,,,,,,,,"0510150,0511150,0512150,0513150"
Trelast og Byggevarer,Listverk ,,Glattlist,510250,511250,512250,513250,,,,,,,,,,,,,,,,,"0510250,0511250,0512250,0513250"
Trelast og Byggevarer,Listverk ,,Utforing,510300,511300,512300,513300,,,,,,,,,,,,,,,,,"0510300,0511300,0512300,0513300"
Trelast og Byggevarer,Listverk ,,Brannmurslist,510350,511350,512350,513350,,,,,,,,,,,,,,,,,"0510350,0511350,0512350,0513350"
Trelast og Byggevarer,Listverk ,,Feielister,510400,511400,512400,513400,,,,,,,,,,,,,,,,,"0510400,0511400,0512400,0513400"
Trelast og Byggevarer,Listverk ,,Hjørnelister,510450,511450,512450,513450,,,,,,,,,,,,,,,,,"0510450,0511450,0512450,0513450"
Trelast og Byggevarer,Listverk ,,Hulkil,510500,511500,512500,513500,,,,,,,,,,,,,,,,,"0510500,0511500,0512500,0513500"
Trelast og Byggevarer,Listverk ,,Øvrig listverk,510550,511650,512650,513650,510650,5100600,511550,511600,512550,512600,513550,513600,,,,,,,,,"0510550,0511650,0512650,0513650,0510650,05100600,0511550,0511600,0512550,0512600,0513550,0513600"
Trelast og Byggevarer,Listverk ,,Dekor og Klosser,1568001,1568100,1568150,1568200,1568300,1568400,1568800,1568810,,,,,,,,,,,,,"1568001,1568100,1568150,1568200,1568300,1568400,1568800,1568810"
Trelast og Byggevarer,Listverk ,,Overganslister og Trappeneser,1523001,1523100,1523200,1523300,,,,,,,,,,,,,,,,,"1523001,1523100,1523200,1523300"
Trelast og Byggevarer,Byggnings og Interiørplater,,Sponplater,940010,940020,,,,,,,,,,,,,,,,,,,"0940010,0940020"
Trelast og Byggevarer,Byggnings og Interiørplater,,Trefiberplater,940110,940120,,,,,,,,,,,,,,,,,,,"0940110,0940120"
Trelast og Byggevarer,Byggnings og Interiørplater,,Gipsplater,940210,,,,,,,,,,,,,,,,,,,,940210
Trelast og Byggevarer,Byggnings og Interiørplater,,Gipsplater Stolper og Stendere,703100,703200,707100,707200,707400,,,,,,,,,,,,,,,,"0703100,0703200,0707100,0707200,0707400"
Trelast og Byggevarer,Byggnings og Interiørplater,,Kryssfiner,940310,940320,,,,,,,,,,,,,,,,,,,"0940310,0940320"
Trelast og Byggevarer,Byggnings og Interiørplater,,OSB-Plater,940350,,,,,,,,,,,,,,,,,,,,940350
Trelast og Byggevarer,Byggnings og Interiørplater,,MDF-Plater,940420,,,,,,,,,,,,,,,,,,,,940420
Trelast og Byggevarer,Byggnings og Interiørplater,,Smartpanel,940420,,,,,,,,,,,,,,,,,,,,940420
Trelast og Byggevarer,Byggnings og Interiørplater,,Baderomspanel,1510001,,,,,,,,,,,,,,,,,,,,1510001
Trelast og Byggevarer,Byggnings og Interiørplater,,Baderomspanel Tilbehør,1510900,,,,,,,,,,,,,,,,,,,,1510900
Trelast og Byggevarer,Byggnings og Interiørplater,,Kjøkkenplater,1510200,,,,,,,,,,,,,,,,,,,,1510200
Trelast og Byggevarer,Byggnings og Interiørplater,,Brannmursplater,940500,,,,,,,,,,,,,,,,,,,,940500
Trelast og Byggevarer,Byggnings og Interiørplater,,Fasadeplater,940800,,,,,,,,,,,,,,,,,,,,940800
Trelast og Byggevarer,Byggnings og Interiørplater,,Våtromsplater,940900,,,,,,,,,,,,,,,,,,,,940900
Trelast og Byggevarer,Byggnings og Interiørplater,,Sementplater,940800,,,,,,,,,,,,,,,,,,,,940800
Trelast og Byggevarer,Byggnings og Interiørplater,,Bygningsplater Tilbehør,940900,,,,,,,,,,,,,,,,,,,,940900
Trelast og Byggevarer,Isolasjon og Tetting,,Byggisolasjon,930001,,,,,,,,,,,,,,,,,,,,930001
Trelast og Byggevarer,Isolasjon og Tetting,,Grunnisolasjon,930110,930120,,,,,,,,,,,,,,,,,,,"0930110,0930120"
Trelast og Byggevarer,Isolasjon og Tetting,,Byggfolie,930200,,,,,,,,,,,,,,,,,,,,930200
Trelast og Byggevarer,Isolasjon og Tetting,,Vindsperre,930250,,,,,,,,,,,,,,,,,,,,930250
Trelast og Byggevarer,Isolasjon og Tetting,,Isolajon Øvrig ,930400,930700,,,,,,,,,,,,,,,,,,,"0930400,0930700"
Trelast og Byggevarer,Isolasjon og Tetting,,Grunnmurspapp,925001,,,,,,,,,,,,,,,,,,,,925001
Trelast og Byggevarer,Isolasjon og Tetting,,Veggpapp,925100,,,,,,,,,,,,,,,,,,,,925100
Trelast og Byggevarer,Isolasjon og Tetting,,Gulvunderlag,925200,,,,,,,,,,,,,,,,,,,,925200
Trelast og Byggevarer,Isolasjon og Tetting,,Dekningspapp,925220,,,,,,,,,,,,,,,,,,,,925220
Trelast og Byggevarer,Isolasjon og Tetting,,Byggtapet,2026001,,,,,,,,,,,,,,,,,,,,2026001
Trelast og Byggevarer,"Mørtel, Stål og Betong",Sement og Mørtel,Sement/Kalk,601001,,,,,,,,,,,,,,,,,,,,601001
Trelast og Byggevarer,"Mørtel, Stål og Betong",Sement og Mørtel,Mur og Pussmørtel,601110,,,,,,,,,,,,,,,,,,,,601110
Trelast og Byggevarer,"Mørtel, Stål og Betong",Sement og Mørtel,Støpemørtel,601150,,,,,,,,,,,,,,,,,,,,601150
Trelast og Byggevarer,"Mørtel, Stål og Betong",Sement og Mørtel,Sand og Pukk,601300,,,,,,,,,,,,,,,,,,,,601300
Trelast og Byggevarer,"Mørtel, Stål og Betong",Sement og Mørtel,Spesialmørtel,601800,,,,,,,,,,,,,,,,,,,,601800
Trelast og Byggevarer,"Mørtel, Stål og Betong",Sement og Mørtel,Ekspanderende Mørtel,601810,,,,,,,,,,,,,,,,,,,,601810
Trelast og Byggevarer,"Mørtel, Stål og Betong",Vanntetting,Fugebånd / Tetting,602100,,,,,,,,,,,,,,,,,,,,602100
Trelast og Byggevarer,"Mørtel, Stål og Betong",Vanntetting,Overflatebehandling Mur og Puss,602300,,,,,,,,,,,,,,,,,,,,602300
Trelast og Byggevarer,"Mørtel, Stål og Betong",Vanntetting,Membran,602400,,,,,,,,,,,,,,,,,,,,602400
Trelast og Byggevarer,"Mørtel, Stål og Betong",Vanntetting,Membran Tilbehør,602450,2020440,,,,,,,,,,,,,,,,,,,"0602450,2020440"
Trelast og Byggevarer,"Mørtel, Stål og Betong",Vanntetting,Tilsettningstoffer og Primere ,2028100,2028200,2028300,,,,,,,,,,,,,,,,,,"2028100,2028200,2028300"
Trelast og Byggevarer,"Mørtel, Stål og Betong","Grunn/drensplate, Rist, Renne",Fiberduk,605001,,,,,,,,,,,,,,,,,,,,605001
Trelast og Byggevarer,"Mørtel, Stål og Betong","Grunn/drensplate, Rist, Renne",Grunnmursplater,605300,605310,605340,,,,,,,,,,,,,,,,,,"0605300,0605310,0605340"
Trelast og Byggevarer,"Mørtel, Stål og Betong","Grunn/drensplate, Rist, Renne",Avløpsrenne og Rister,605400,,,,,,,,,,,,,,,,,,,,605400
Trelast og Byggevarer,"Mørtel, Stål og Betong","Grunn/drensplate, Rist, Renne",Radonsperre,605550,,,,,,,,,,,,,,,,,,,,605550
Trelast og Byggevarer,"Mørtel, Stål og Betong","Grunn/drensplate, Rist, Renne",Tilbehør Radonsperre ,605550,,,,,,,,,,,,,,,,,,,,605550
Trelast og Byggevarer,"Mørtel, Stål og Betong","Grunn/drensplate, Rist, Renne",Div Drenering,605999,,,,,,,,,,,,,,,,,,,,605999
Trelast og Byggevarer,"Mørtel, Stål og Betong",Rør og Kummer,Annleggsrør,606100,,,,,,,,,,,,,,,,,,,,606100
Trelast og Byggevarer,"Mørtel, Stål og Betong",Rør og Kummer,Drensrør,606200,,,,,,,,,,,,,,,,,,,,606200
Trelast og Byggevarer,"Mørtel, Stål og Betong",Rør og Kummer,Kabelrør og Tilbehør,606400,,,,,,,,,,,,,,,,,,,,606400
Trelast og Byggevarer,"Mørtel, Stål og Betong",Rør og Kummer,Kummer og Tilbehør,606810,,,,,,,,,,,,,,,,,,,,606810
Trelast og Byggevarer,"Mørtel, Stål og Betong",Forskalingsutstyr ,Forskalingssystem,610100,,,,,,,,,,,,,,,,,,,,610100
Trelast og Byggevarer,"Mørtel, Stål og Betong",Forskalingsutstyr ,Ringmur,610200,,,,,,,,,,,,,,,,,,,,610200
Trelast og Byggevarer,"Mørtel, Stål og Betong",Forskalingsutstyr ,Støperør,610700,,,,,,,,,,,,,,,,,,,,610700
Trelast og Byggevarer,"Mørtel, Stål og Betong",Murblokk og Leca,Lecablokker,615010,,,,,,,,,,,,,,,,,,,,615010
Trelast og Byggevarer,"Mørtel, Stål og Betong",Murblokk og Leca,Porebetong / Siporex,615020,,,,,,,,,,,,,,,,,,,,615020
Trelast og Byggevarer,"Mørtel, Stål og Betong",Murblokk og Leca,Forskalingsblokk,615030,,,,,,,,,,,,,,,,,,,,615030
Trelast og Byggevarer,"Mørtel, Stål og Betong",Murblokk og Leca,Thermomur (ikke lagerført),615040,,,,,,,,,,,,,,,,,,,,615040
Trelast og Byggevarer,"Mørtel, Stål og Betong",Murblokk og Leca,Lecakuler,615100,,,,,,,,,,,,,,,,,,,,615100
Trelast og Byggevarer,"Mørtel, Stål og Betong",Murblokk og Leca,Murstein og Tegl,615310,,,,,,,,,,,,,,,,,,,,615310
Trelast og Byggevarer,"Mørtel, Stål og Betong",Murblokk og Leca,Ildfaste Stein,615320,,,,,,,,,,,,,,,,,,,,615320
Trelast og Byggevarer,"Mørtel, Stål og Betong",Murblokk og Leca,Pipeelemt og Tilbehør,615400,,,,,,,,,,,,,,,,,,,,615400
Trelast og Byggevarer,"Mørtel, Stål og Betong",Murblokk og Leca,Div Tilbehør,615910,,,,,,,,,,,,,,,,,,,,615910
Trelast og Byggevarer,"Mørtel, Stål og Betong",Armering,Armeringsjern,812001,,,,,,,,,,,,,,,,,,,,812001
Trelast og Byggevarer,"Mørtel, Stål og Betong",Armering,Armeringsnett,812100,2024900,,,,,,,,,,,,,,,,,,,"0812100,2024900"
Trelast og Byggevarer,"Mørtel, Stål og Betong",Armering,Armering Tilbehør ,812900,,,,,,,,,,,,,,,,,,,,812900
Trelast og Byggevarer,"Mørtel, Stål og Betong",Netting og Gjerde,Netting og Gjerde,830001,830900,,,,,,,,,,,,,,,,,,,"0830001,0830900"
Trelast og Byggevarer,Tak,Takstein,Takstein Betong,,,,,,,,,,,,,,,,,,,,,
Trelast og Byggevarer,Tak,Takstein,Takstein Tegl,,,,,,,,,,,,,,,,,,,,,
Trelast og Byggevarer,Tak,Takstein,Takstein Tilbehør ,,,,,,,,,,,,,,,,,,,,,
Trelast og Byggevarer,Tak,Takplater,Takplater Stål,1021610,,,,,,,,,,,,,,,,,,,,1021610
Trelast og Byggevarer,Tak,Takplater,Takplater Plast,1021630,,,,,,,,,,,,,,,,,,,,1021630
Trelast og Byggevarer,Tak,Takplater,Takplater Tilbehør ,1021690,,,,,,,,,,,,,,,,,,,,1021690
Trelast og Byggevarer,Tak,Takbelegg og Papp,Undertak,1024050,,,,,,,,,,,,,,,,,,,,1024050
Trelast og Byggevarer,Tak,Takbelegg og Papp,Takbelegg Under,1024100,,,,,,,,,,,,,,,,,,,,1024100
Trelast og Byggevarer,Tak,Takbelegg og Papp,Takbelegg Over,1024200,,,,,,,,,,,,,,,,,,,,1024200
Trelast og Byggevarer,Tak,Takbelegg og Papp,Takshingel,1024310,,,,,,,,,,,,,,,,,,,,1024310
Trelast og Byggevarer,Tak,Takbelegg og Papp,Takbelegg Tilbehør,2024420,1024900,,,,,,,,,,,,,,,,,,,"2024420,1024900"
Trelast og Byggevarer,Tak,Takrenner og Beslag,Takrenner,1022110,,,,,,,,,,,,,,,,,,,,1022110
Trelast og Byggevarer,Tak,Takrenner og Beslag,Takrenner Tilbehør ,102200,102210,,,,,,,,,,,,,,,,,,,"102200,102210"
Trelast og Byggevarer,Tak,Takrenner og Beslag,Gradrenner,1022150,,,,,,,,,,,,,,,,,,,,1022150
Trelast og Byggevarer,Tak,Takrenner og Beslag,Vannbrettbeslag,1022400,1022460,,,,,,,,,,,,,,,,,,,"1022400,1022460"
Trelast og Byggevarer,Tak,Takrenner og Beslag,Tak og Veggbeslag ,1022500,,,,,,,,,,,,,,,,,,,,1022500
Trelast og Byggevarer,Tak,Takrenner og Beslag,Mønebeslag,1022600,,,,,,,,,,,,,,,,,,,,1022600
Trelast og Byggevarer,Tak,Takrenner og Beslag,Pipebeslag og Takhatt,1022550,,,,,,,,,,,,,,,,,,,,1022550
"Gulv, Dør, Vindu og Varme",Gulv,,Heltregulv,1512100,512200,1512500,,,,,,,,,,,,,,,,,,"1512100,512200,1512500"
"Gulv, Dør, Vindu og Varme",Gulv,,Parkettgulv,1512001,,,,,,,,,,,,,,,,,,,,1512001
"Gulv, Dør, Vindu og Varme",Gulv,,Parkett Tilbehør ,1512900,,,,,,,,,,,,,,,,,,,,1512900
"Gulv, Dør, Vindu og Varme",Gulv,,Laminatgulv,1513001,,,,,,,,,,,,,,,,,,,,1513001
"Gulv, Dør, Vindu og Varme",Gulv,,Laminat Tilbehør ,1513900,,,,,,,,,,,,,,,,,,,,1513900
"Gulv, Dør, Vindu og Varme",Gulv,,Harde Tregulv,1512500,,,,,,,,,,,,,,,,,,,,1512500
"Gulv, Dør, Vindu og Varme",Gulv,,Gulvbelegg,1580001,,,,,,,,,,,,,,,,,,,,1580001
"Gulv, Dør, Vindu og Varme",Gulv,,Klikkvinyl Gulv,1580080,,,,,,,,,,,,,,,,,,,,1580080
"Gulv, Dør, Vindu og Varme",Gulv,,Gulvvarme,2720110,2720560,,,,,,,,,,,,,,,,,,,"2720110,2720560"
"Gulv, Dør, Vindu og Varme",Gulv,,Gulvlister,510100,511100,512100,513100,,,,,,,,,,,,,,,,,"0510100,0511100,0512100,0513100"
"Gulv, Dør, Vindu og Varme",Gulv,,Underlag ,,,,,,,,,,,,,,,,,,,,,
"Gulv, Dør, Vindu og Varme",Gulv,,Verktøy og Tilbehør,,,,,,,,,,,,,,,,,,,,,
"Gulv, Dør, Vindu og Varme",Gulv,,Overgangslister og Trappeneser,1523200,,,,,,,,,,,,,,,,,,,,1523200
"Gulv, Dør, Vindu og Varme",Dør,,Ytterdører,1330100,1330200,,,,,,,,,,,,,,,,,,,"1330100,1330200"
"Gulv, Dør, Vindu og Varme",Dør,,Innerdører,1310100,131200,1310400,1310500,,,,,,,,,,,,,,,,,"1310100,131200,1310400,1310500"
"Gulv, Dør, Vindu og Varme",Dør,,Brann og Lyddør,1340300,,,,,,,,,,,,,,,,,,,,1340300
"Gulv, Dør, Vindu og Varme",Dør,,Boddør,1330300,1330300,,,,,,,,,,,,,,,,,,,"1330300,1330300"
"Gulv, Dør, Vindu og Varme",Dør,,Balkongdør,1460100,,,,,,,,,,,,,,,,,,,,1460100
"Gulv, Dør, Vindu og Varme",Dør,,Karmer Innedør,1355100,1355200,,,,,,,,,,,,,,,,,,,"1355100,1355200"
"Gulv, Dør, Vindu og Varme",Dør,,Skyvedørskarmer,1355300,,,,,,,,,,,,,,,,,,,,1355300
"Gulv, Dør, Vindu og Varme",Dør,,Dørvridere,1602110,1602100,,,,,,,,,,,,,,,,,,,"1602110,1602100"
"Gulv, Dør, Vindu og Varme",Vindu,,Vindu,1410,,,,,,,,,,,,,,,,,,,,1410
"Gulv, Dør, Vindu og Varme",Varme,,Peisovner,3401001,3401100,3401200,3401300,,,,,,,,,,,,,,,,,"3401001,3401100,3401200,3401300"
"Gulv, Dør, Vindu og Varme",Varme,,Ovnsrør,3401400,,,,,,,,,,,,,,,,,,,,3401400
"Gulv, Dør, Vindu og Varme",Varme,,Ovn og Peistilbehør,3405500,,,,,,,,,,,,,,,,,,,,3405500
"Gulv, Dør, Vindu og Varme",Varme,,Stålpipe,3401600,,,,,,,,,,,,,,,,,,,,3401600
"Gulv, Dør, Vindu og Varme",Varme,,Elektriske Ovner,3401700,,,,,,,,,,,,,,,,,,,,3401700
"Gulv, Dør, Vindu og Varme",Port og Luker,,Inspeksjonsluker,1310900,,,,,,,,,,,,,,,,,,,,1310900
"Gulv, Dør, Vindu og Varme",Port og Luker,,Loftsluker,1226001,1226900,,,,,,,,,,,,,,,,,,,"1226001,1226900"
"Gulv, Dør, Vindu og Varme",Port og Luker,,Garasjeport og Tilbehør ,1350100,1350200,1350210,1350500,,,,,,,,,,,,,,,,,"1350100,1350200,1350210,1350500"
Verktøy og Festemateriell,Håndverktøy,,Filer,1843100,1843200,1843300,1843400,,,,,,,,,,,,,,,,,"1843100,1843200,1843300,1843400"
Verktøy og Festemateriell,Håndverktøy,,Skrutrekkere,1844100,1844200,1844300,1844500,,,,,,,,,,,,,,,,,"1844100,1844200,1844300,1844500"
Verktøy og Festemateriell,Håndverktøy,,Pipeverktøy,1845100,1845200,1845300,1845400,1845500,1845600,1845800,1850620,1850630,1850640,1850650,,,,,,,,,,"1845100,1845200,1845300,1845400,1845500,1845600,1845800,1850620,1850630,1850640,1850650"
Verktøy og Festemateriell,Håndverktøy,,Hammere,1846100,1846200,1846300,1846400,1846500,1846900,,,,,,,,,,,,,,,"1846100,1846200,1846300,1846400,1846500,1846900"
Verktøy og Festemateriell,Håndverktøy,,Tenger,1847100,1847200,1847250,1847300,1847400,1847500,1847600,1847700,,,,,,,,,,,,,"1847100,1847200,1847250,1847300,1847400,1847500,1847600,1847700"
Verktøy og Festemateriell,Håndverktøy,,Høvler og Huggjern,1850010,1850020,1850040,,,,,,,,,,,,,,,,,,"1850010,1850020,1850040"
Verktøy og Festemateriell,Håndverktøy,,Kniver og Tilbehør,1850030,1850035,,,,,,,,,,,,,,,,,,,"1850030,1850035"
Verktøy og Festemateriell,Håndverktøy,,Syl,1850070,,,,,,,,,,,,,,,,,,,,1850070
Verktøy og Festemateriell,Håndverktøy,,Avdragere og Spennverktøy,1850090,1850670,1850510,,,,,,,,,,,,,,,,,,"1850090,1850670,1850510"
Verktøy og Festemateriell,Håndverktøy,,Sekskantnøkler,1850110,,,,,,,,,,,,,,,,,,,,1850110
Verktøy og Festemateriell,Håndverktøy,,Fastnøkler,1850590,1850600,1850610,,,,,,,,,,,,,,,,,,"1850590,1850600,1850610"
Verktøy og Festemateriell,Håndverktøy,,Skiftenøkler,1850660,,,,,,,,,,,,,,,,,,,,1850660
Verktøy og Festemateriell,Håndverktøy,,Tvinger,1850120,,,,,,,,,,,,,,,,,,,,1850120
Verktøy og Festemateriell,Håndverktøy,,Brekkjern,1850130,,,,,,,,,,,,,,,,,,,,1850130
Verktøy og Festemateriell,Håndverktøy,,Håndsager,1850200,1850210,1850220,,,,,,,,,,,,,,,,,,"1850200,1850210,1850220"
Verktøy og Festemateriell,Håndverktøy,,Baufiler,1850550,,,,,,,,,,,,,,,,,,,,1850550
Verktøy og Festemateriell,Håndverktøy,,Meterstokker Målebånd og Måleverktøy,1852100,1852200,1852210,1852300,1852350,1852380,1852320,,,,,,,,,,,,,,"1852100,1852200,1852210,1852300,1852350,1852380,1852320"
Verktøy og Festemateriell,Håndverktøy,,Vatere Vinkler og Rettholt,1852400,1852430,1852480,,,,,,,,,,,,,,,,,,"1852400,1852430,1852480"
Verktøy og Festemateriell,Håndverktøy,,Merkevertøy Blyanter etc.,1852070,1852050,,,,,,,,,,,,,,,,,,,"1852070,1852050"
Verktøy og Festemateriell,Håndverktøy,,Økser og Tilbehør,1850260,1850270,1850280,1850290,,,,,,,,,,,,,,,,,"1850260,1850270,1850280,1850290"
Verktøy og Festemateriell,Håndverktøy,,Stiftepistoler,1850150,,,,,,,,,,,,,,,,,,,,1850150
Verktøy og Festemateriell,Håndverktøy,,Slegger og Spett,1850300,,,,,,,,,,,,,,,,,,,,1850300
Verktøy og Festemateriell,Håndverktøy,,Sakser ,1850320,1850330,,,,,,,,,,,,,,,,,,,"1850320,1850330"
Verktøy og Festemateriell,Håndverktøy,,Meisler og Dorer,1850440,,,,,,,,,,,,,,,,,,,,1850440
Verktøy og Festemateriell,Håndverktøy,,Mureverktøy,1855300,1855500,1855520,1855540,1855550,1855600,1855750,1855850,1855860,1855870,1855955,,,,,,,,,,"1855300,1855500,1855520,1855540,1855550,1855600,1855750,1855850,1855860,1855870,1855955"
Verktøy og Festemateriell,El-Verktøy,,Bor og Drill,1965100,1967100,,,,,,,,,,,,,,,,,,,"1965100,1967100"
Verktøy og Festemateriell,El-Verktøy,,Sager,1965200,1967200,1971100,,,,,,,,,,,,,,,,,,"1965200,1967200,1971100"
Verktøy og Festemateriell,El-Verktøy,,Slipemaskiner,1965300,1967300,,,,,,,,,,,,,,,,,,,"1965300,1967300"
Verktøy og Festemateriell,El-Verktøy,,Vinkelslipere,1965400,1967400,,,,,,,,,,,,,,,,,,,"1965400,1967400"
Verktøy og Festemateriell,El-Verktøy,,Freser og Høvler,1965550,1965600,1967550,1967600,,,,,,,,,,,,,,,,,"1965550,1965600,1967550,1967600"
Verktøy og Festemateriell,El-Verktøy,,Varmluftspistol Fugepistol og Stiftemaskin,1965750,1967750,1965800,1967800,1967780,,,,,,,,,,,,,,,,"1965750,1967750,1965800,1967800,1967780"
Verktøy og Festemateriell,El-Verktøy,,El-Verktøy Tilbehør,1968290,1968300,1968360,1968400,1968410,1968450,1968550,1968555,1968600,1968700,1968800,1968810,1968850,1968900,1968955,,,,,,"1968290,1968300,1968360,1968400,1968410,1968450,1968550,1968555,1968600,1968700,1968800,1968810,1968850,1968900,1968955"
Verktøy og Festemateriell,El-Verktøy,,Batterier og Ladere,1968750,,,,,,,,,,,,,,,,,,,,1968750
Verktøy og Festemateriell,El-Verktøy,,Gassverktøy,1958100,1958200,1958300,1958400,1958500,1959100,1959200,1960100,1960200,1961800,1961900,,,,,,,,,,"1958100,1958200,1958300,1958400,1958500,1959100,1959200,1960100,1960200,1961800,1961900"
Verktøy og Festemateriell,El-Verktøy,,Trykkluft verktøy,1962100,1962200,1962130,1962400,1962500,,,,,,,,,,,,,,,,"1962100,1962200,1962130,1962400,1962500"
Verktøy og Festemateriell,El-Verktøy,,Kompressor Slanger og Tilbehør,1962600,1962700,1963100,1963200,1963300,1963320,1963400,,,,,,,,,,,,,,"1962600,1962700,1963100,1963200,1963300,1963320,1963400"
Verktøy og Festemateriell,El-Verktøy,,Måleteknikk ,1860100,1860200,1860250,1860300,1860400,1860500,1860550,1860600,,,,,,,,,,,,,"1860100,1860200,1860250,1860300,1860400,1860500,1860550,1860600"
Verktøy og Festemateriell,El-Verktøy,,Arbeidslamper,2704180,2704900,,,,,,,,,,,,,,,,,,,"2704180,2704900"
Verktøy og Festemateriell,Jernvare,,Beslag og Kroker,1601001,1601100,1601300,1601400,1601600,1601700,1601800,1601850,,,,,,,,,,,,,"1601001,1601100,1601300,1601400,1601600,1601700,1601800,1601850"
Verktøy og Festemateriell,Jernvare,,Dørvridere og Håndtak,1602100,1602110,1602120,1602200,1602300,1602400,1602955,,,,,,,,,,,,,,"1602100,1602110,1602120,1602200,1602300,1602400,1602955"
Verktøy og Festemateriell,Jernvare,,Låser og Nøkler,1603100,1603200,1603210,1603330,1603360,1603400,1603430,1603500,1603600,1603650,1603955,,,,,,,,,,"1603100,1603200,1603210,1603330,1603360,1603400,1603430,1603500,1603600,1603650,1603955"
Verktøy og Festemateriell,Jernvare,,Trådvarer ,1604001,1604100,1604200,1604300,1604400,,,,,,,,,,,,,,,,"1604001,1604100,1604200,1604300,1604400"
Verktøy og Festemateriell,Jernvare,,Hengsler,1605100,1605200,1605300,1605350,,,,,,,,,,,,,,,,,"1605100,1605200,1605300,1605350"
Verktøy og Festemateriell,Jernvare,,Møbelbeslag,1606001,1606100,1606150,1606160,1606170,1606200,1606210,1606400,1606410,1606500,1606510,1606520,1606550,1606600,,,,,,,"1606001,1606100,1606150,1606160,1606170,1606200,1606210,1606400,1606410,1606500,1606510,1606520,1606550,1606600"
Verktøy og Festemateriell,Jernvare,,Dør og Vindusbeslag,1608010,1608100,1608200,1608400,1608500,1608600,1608700,1608750,1608800,1608955,,,,,,,,,,,"1608010,1608100,1608200,1608400,1608500,1608600,1608700,1608750,1608800,1608955"
Verktøy og Festemateriell,Jernvare,,Kjetting og Wire ,1612020,1612040,1612060,1612080,1612100,1612140,1612160,1612170,1612190,1612200,1612300,1612320,1612440,1612460,1612500,1612540,1612600,,,,"1612020,1612040,1612060,1612080,1612100,1612140,1612160,1612170,1612190,1612200,1612300,1612320,1612440,1612460,1612500,1612540,1612600"
Verktøy og Festemateriell,Jernvare,,Stiger og Stillase,1634020,1634070,1634100,1634300,1634600,,,,,,,,,,,,,,,,"1634020,1634070,1634100,1634300,1634600"
Verktøy og Festemateriell,Jernvare,,Jekkestropp og Løfteutstyr,1641001,1641010,1641200,1641250,,,,,,,,,,,,,,,,,"1641001,1641010,1641200,1641250"
Verktøy og Festemateriell,Festemateriell,,Skrue Tre/Spon,1730100,1730110,,,,,,,,,,,,,,,,,,,"1730100,1730110"
Verktøy og Festemateriell,Festemateriell,,Skrue Gips,1730001,,,,,,,,,,,,,,,,,,,,1730001
Verktøy og Festemateriell,Festemateriell,,Båndet Skruer,1730200,,,,,,,,,,,,,,,,,,,,1730200
Verktøy og Festemateriell,Festemateriell,,Selvborende Skruer,1732010,1732100,1732200,,,,,,,,,,,,,,,,,,"1732010,1732100,1732200"
Verktøy og Festemateriell,Festemateriell,,Håndspiker,1720100,1720210,1720310,1720315,1720340,1720360,1720380,1720390,1720500,,,,,,,,,,,,"1720100,1720210,1720310,1720315,1720340,1720360,1720380,1720390,1720500"
Verktøy og Festemateriell,Festemateriell,,Maskinspiker,1725100,1725120,1725140,1725210,1725360,1725390,1725440,1704010,1704060,,,,,,,,,,,,"1725100,1725120,1725140,1725210,1725360,1725390,1725440,1704010,1704060"
Verktøy og Festemateriell,Festemateriell,,Bygningsbeslag,1780100,1780200,1780300,1780330,1780400,1780410,1780420,4780440,1780460,1780540,4780800,,,,,,,,,,"1780100,1780200,1780300,1780330,1780400,1780410,1780420,4780440,1780460,1780540,4780800"
Verktøy og Festemateriell,Festemateriell,,Skruer Sekskant,1701010,1701020,1701030,1701040,1701050,1701060,1702010,1702020,1702030,1702050,1702060,,,,,,,,,,"1701010,1701020,1701030,1701040,1701050,1701060,1702010,1702020,1702030,1702050,1702060"
Verktøy og Festemateriell,Festemateriell,,Gjengestenger,1708030,18060,,,,,,,,,,,,,,,,,,,"1708030,18060"
Verktøy og Festemateriell,Festemateriell,,Muttere og Skiver,1714010,1714060,1715010,1715060,,,,,,,,,,,,,,,,,"1714010,1714060,1715010,1715060"
Verktøy og Festemateriell,Festemateriell,,Kramper og Stifter,1726500,1726600,1726650,,,,,,,,,,,,,,,,,,"1726500,1726600,1726650"
Verktøy og Festemateriell,Festemateriell,,Ekspanderende Plugger og Anker,1740001,1740100,1740150,1740200,1740300,1740320,1740360,1740380,1740390,,,,,,,,,,,,"1740001,1740100,1740150,1740200,1740300,1740320,1740360,1740380,1740390"
Verktøy og Festemateriell,Festemateriell,,Karmmontasje,1607010,1607100,,,,,,,,,,,,,,,,,,,"1607010,1607100"
Verktøy og Festemateriell,Sikkerhet og Verneustyr,,Arbeidsklær,3350100,3350110,3350200,3350210,3350300,3350310,3350400,3350410,3350500,3350600,3350760,3370100,3370200,,,,,,,,"3350100,3350110,3350200,3350210,3350300,3350310,3350400,3350410,3350500,3350600,3350760,3370100,3370200"
Verktøy og Festemateriell,Sikkerhet og Verneustyr,,Arbeidsklær Tilbehør,3352100,3352200,3352300,3352400,3352500,,,,,,,,,,,,,,,,"3352100,3352200,3352300,3352400,3352500"
Verktøy og Festemateriell,Sikkerhet og Verneustyr,,Hodeplagg,3330100,3330300,,,,,,,,,,,,,,,,,,,"3330100,3330300"
Verktøy og Festemateriell,Sikkerhet og Verneustyr,,Hansker,3340100,3340150,3340200,3340250,3340300,3340400,,,,,,,,,,,,,,,"3340100,3340150,3340200,3340250,3340300,3340400"
Verktøy og Festemateriell,Sikkerhet og Verneustyr,,Fottøy,3320100,3320200,3320220,3320300,3320320,3320500,3320520,3320999,,,,,,,,,,,,,"3320100,3320200,3320220,3320300,3320320,3320500,3320520,3320999"
Verktøy og Festemateriell,Sikkerhet og Verneustyr,,Regntøy,3360100,3360200,3360300,3360400,,,,,,,,,,,,,,,,,"3360100,3360200,3360300,3360400"
Verktøy og Festemateriell,Sikkerhet og Verneustyr,,Verneutstyr,3301001,3301100,3301200,3301270,3301300,3301305,3301500,3301700,3301710,3301720,3310300,,,,,,,,,,"3301001,3301100,3301200,3301270,3301300,3301305,3301500,3301700,3301710,3301720,3310300"
Verktøy og Festemateriell,Sikkerhet og Verneustyr,,Brannvern og Sikring,1637100,1637200,1637500,1637600,1637800,1637810,1637820,1637840,,,,,,,,,,,,,"1637100,1637200,1637500,1637600,1637800,1637810,1637820,1637840"
Verktøy og Festemateriell,Sikkerhet og Verneustyr,,Førstehjelp,1638100,1638110,1638200,1638570,,,,,,,,,,,,,,,,,"1638100,1638110,1638200,1638570"
Verktøy og Festemateriell,Støvsuger,,Sentralstøvsuger,2705800,2705810,,,,,,,,,,,,,,,,,,,"2705800,2705810"
Verktøy og Festemateriell,Støvsuger,,Støvsugere Industri,1965900,,,,,,,,,,,,,,,,,,,,1965900
Verktøy og Festemateriell,Støvsuger,,Byggtørkere,1970300,,,,,,,,,,,,,,,,,,,,1970300
Maling og Interiør,Eksteriør,,Utvendig Maling,2002460,,,,,,,,,,,,,,,,,,,,2002460
Maling og Interiør,Eksteriør,,Utvendig Olje og Beis,2002300,2002350,2002400,2002450,,,,,,,,,,,,,,,,,"2002300,2002350,2002400,2002450"
Maling og Interiør,Eksteriør,,Utvendig Murmaling,2002650,2002700,,,,,,,,,,,,,,,,,,,"2002650,2002700"
Maling og Interiør,Eksteriør,,Utvendig Metall Maling,2002750,,,,,,,,,,,,,,,,,,,,2002750
Maling og Interiør,Eksteriør,,Utvendige Pleiemidler,2002780,,,,,,,,,,,,,,,,,,,,2002780
Maling og Interiør,Eksteriør,,Spraymaling og Merkespray,2029100,2029200,,,,,,,,,,,,,,,,,,,"2029100,2029200"
Maling og Interiør,Interiør,,Innvendig Maling,2004750,2004800,,,,,,,,,,,,,,,,,,,"2004750,2004800"
Maling og Interiør,Interiør,,Innvendig Beis / Lasur,2004850,,,,,,,,,,,,,,,,,,,,2004850
Maling og Interiør,Interiør,,Innvendig Lakk,2004600,,,,,,,,,,,,,,,,,,,,2004600
Maling og Interiør,Interiør,,Innvendig Grunning,2004650,,,,,,,,,,,,,,,,,,,,2004650
Maling og Interiør,Interiør,,Innvendig Gulvmaling ,2004700,2004300,,,,,,,,,,,,,,,,,,,"2004700,2004300"
Maling og Interiør,Interiør,,Innvendig Murmaling,2004900,,,,,,,,,,,,,,,,,,,,2004900
Maling og Interiør,"Lim, Fugemasse og Sparkel",,Gulvlim,2020001,,,,,,,,,,,,,,,,,,,,2020001
Maling og Interiør,"Lim, Fugemasse og Sparkel",,Vegglim,2020200,2020300,,,,,,,,,,,,,,,,,,,"2020200,2020300"
Maling og Interiør,"Lim, Fugemasse og Sparkel",,Flislim,2020400,2020410,2020420,,,,,,,,,,,,,,,,,,"2020400,2020410,2020420"
Maling og Interiør,"Lim, Fugemasse og Sparkel",,Trelim,2020550,,,,,,,,,,,,,,,,,,,,2020550
Maling og Interiør,"Lim, Fugemasse og Sparkel",,Monteringslim,2020600,2020500,2020650,2020700,,,,,,,,,,,,,,,,,"2020600,2020500,2020650,2020700"
Maling og Interiør,"Lim, Fugemasse og Sparkel",,Fugemase og Akryl,2022001,2022010,2022430,2022700,,,,,,,,,,,,,,,,,"2022001,2022010,2022430,2022700"
Maling og Interiør,"Lim, Fugemasse og Sparkel",,Silikon,2022020,2022030,2022040,,,,,,,,,,,,,,,,,,"2022020,2022030,2022040"
Maling og Interiør,"Lim, Fugemasse og Sparkel",,Kitt og Formtre,2022100,2022110,,,,,,,,,,,,,,,,,,,"2022100,2022110"
Maling og Interiør,"Lim, Fugemasse og Sparkel",,Fugeskum,2022300,2022400,,,,,,,,,,,,,,,,,,,"2022300,2022400"
Maling og Interiør,"Lim, Fugemasse og Sparkel",,Bunnfyllingslister,2022400,,,,,,,,,,,,,,,,,,,,2022400
Maling og Interiør,"Lim, Fugemasse og Sparkel",,Veggsparkel,2024110,2024200,,,,,,,,,,,,,,,,,,,"2024110,2024200"
Maling og Interiør,"Lim, Fugemasse og Sparkel",,Gulvsparkel og Avrettningsmasse,2024001,,,,,,,,,,,,,,,,,,,,2024001
Maling og Interiør,Maleverktøy,,Pensler,1854500,1854510,,,,,,,,,,,,,,,,,,,"1854500,1854510"
Maling og Interiør,Maleverktøy,,Ruller,1854540,1854550,,,,,,,,,,,,,,,,,,,"1854540,1854550"
Maling og Interiør,Maleverktøy,,Malerbøtter og Kar,1854600,,,,,,,,,,,,,,,,,,,,1854600
Maling og Interiør,Maleverktøy,,Slipepapir og Skraper,1853100,1853200,1853300,,,,,,,,,,,,,,,,,,"1853100,1853200,1853300"
Maling og Interiør,Maleverktøy,,Maskeringstape og Montasje,2026400,2026500,2026900,,,,,,,,,,,,,,,,,,"2026400,2026500,2026900"
Maling og Interiør,Maleverktøy,,Øvrig Male og Fugeverktøy,1854580,1859400,1859700,,,,,,,,,,,,,,,,,,"1854580,1859400,1859700"
Maling og Interiør,Renhold og Kjemisk,,Fortynningsmidler,2010001,,,,,,,,,,,,,,,,,,,,2010001
Maling og Interiør,Renhold og Kjemisk,,Vaske og Rensemidler,2010100,2010200,,,,,,,,,,,,,,,,,,,"2010100,2010200"
Maling og Interiør,Renhold og Kjemisk,,Oljer og Servicespray,2010500,,,,,,,,,,,,,,,,,,,,2010500
Maling og Interiør,Renhold og Kjemisk,,Rengjøringsmidler,,,,,,,,,,,,,,,,,,,,,
Maling og Interiør,Renhold og Kjemisk,,Insekts og Skadedyrsmidler,2411200,2411300,,,,,,,,,,,,,,,,,,,"2411200,2411300"
Maling og Interiør,Renhold og Kjemisk,,Plantevern og Ugressmidler,2412150,,,,,,,,,,,,,,,,,,,,2412150
Maling og Interiør,Renhold og Kjemisk,,Rengjøringsmidler,2515750,2515720,2516500,,,,,,,,,,,,,,,,,,"2515750,2515720,2516500"
Maling og Interiør,Renhold og Kjemisk,,Rengjøringsbørster og annet Tilbehør,2515100,2515140,2515160,2515260,2513125,,,,,,,,,,,,,,,,"2515100,2515140,2515160,2515260,2513125"
Maling og Interiør,Renhold og Kjemisk,,Husholdningshansker,2515230,,,,,,,,,,,,,,,,,,,,2515230
Maling og Interiør,Renhold og Kjemisk,,Wipes og Tørkepapir,2516100,2516300,2516400,,,,,,,,,,,,,,,,,,"2516100,2516300,2516400"
Maling og Interiør,Tapet,,Overmalbar Tapet og Malestrie,1584400,1584500,,,,,,,,,,,,,,,,,,,"1584400,1584500"
Maling og Interiør,Tapet,,Vinyltapet,1584100,,,,,,,,,,,,,,,,,,,,1584100
Maling og Interiør,Tapet,,Fibertapet,1584700,,,,,,,,,,,,,,,,,,,,1584700
Hage og Uterom,"Stein, Mur og Heller",,Belegningsstein og Heller,2418001,2418010,2418100,2418210,,,,,,,,,,,,,,,,,"2418001,2418010,2418100,2418210"
Hage og Uterom,"Stein, Mur og Heller",,Belegningsstein og Heller Tilbehør,2418900,2418950,,,,,,,,,,,,,,,,,,,"2418900,2418950"
Hage og Uterom,"Stein, Mur og Heller",,Kantstein og Granitt,2418300,615030,,,,,,,,,,,,,,,,,,,"2418300,615030"
Hage og Uterom,"Stein, Mur og Heller",,Støttemur,2418200,,,,,,,,,,,,,,,,,,,,2418200
Hage og Uterom,Hageredskap og Maskiner,,Kantklippere og Trimmere,2330100,2330110,,,,,,,,,,,,,,,,,,,"2330100,2330110"
Hage og Uterom,Hageredskap og Maskiner,,Hekk og Grensakser,2330200,,,,,,,,,,,,,,,,,,,,2330200
Hage og Uterom,Hageredskap og Maskiner,,Kjedesager,2330300,,,,,,,,,,,,,,,,,,,,2330300
Hage og Uterom,Hageredskap og Maskiner,,Gressklippere ,2330450,2330500,2330550,,,,,,,,,,,,,,,,,,"2330450,2330500,2330550"
Hage og Uterom,Hageredskap og Maskiner,,Løvsugere og Blåsere,2330400,,,,,,,,,,,,,,,,,,,,2330400
Hage og Uterom,Hageredskap og Maskiner,,Kompostkverner og Annet ,2330600,2330720,2330800,2330350,,,,,,,,,,,,,,,,,"2330600,2330720,2330800,2330350"
Hage og Uterom,Grill,,Gassgriller,2238100,,,,,,,,,,,,,,,,,,,,2238100
Hage og Uterom,Grill,,Kullkriller,2238200,2238600,,,,,,,,,,,,,,,,,,,"2238200,2238600"
Hage og Uterom,Grill,,Elektriske Griller,2238300,,,,,,,,,,,,,,,,,,,,2238300
Hage og Uterom,Grill,,Grill Tilbehør,2238400,2238500,,,,,,,,,,,,,,,,,,,"2238400,2238500"
Hage og Uterom,Utemiljø,,Levegg og Gjerder,508100,508300,,,,,,,,,,,,,,,,,,,"0508100,0508300"
Hage og Uterom,Utemiljø,,Uteboder,,,,,,,,,,,,,,,,,,,,,
Hage og Uterom,Utemiljø,,Møbler,3110100,,,,,,,,,,,,,,,,,,,,3110100
